,,,,,,,,,,,,,,,,,,,,,,,,,,,,,,,,,,,,,,,,,
,,,,,2019,2019,2019,2019,2019,2019,2019,2019,2019,2019,2019,2019,2020,2020,2020,2020,2020,2020,2020,2020,2020,2020,2020,2020,2021,2021,2021,2021,2021,2021,2021,2021,2021,2021,2021,2021,
,,,"1,246,607",,Jan '19,Feb '19,Mar '19,Apr '19,May '19,Jun '19,Jul '19,Aug '19,Sep '19,Oct '19,Nov '19,Dec '19,Jan '20,Feb '20,Mar '20,Apr '20,May '20,Jun '20,Jul '20,Aug '20,Sep '20,Oct '20,Nov '20,Dec '20,Jan '21,Feb '21,Mar '21,Apr '21,May '21,Jun '21,Jul '21,Aug '21,Sep '21,Oct '21,Nov '21,Dec '21,
,,,,, 1 , 1 , 1 , 1 , , , , , , , , , , , , , , , , , , , , , , , , , , , , , , , , ,
, KEY METRICS SUMMARY,,,,Jan '19,Feb '19,Mar '19,Apr '19,May '19,Jun '19,Jul '19,Aug '19,Sep '19,Oct '19,Nov '19,Dec '19,Jan '20,Feb '20,Mar '20,Apr '20,May '20,Jun '20,Jul '20,Aug '20,Sep '20,Oct '20,Nov '20,Dec '20,Jan '21,Feb '21,Mar '21,Apr '21,May '21,Jun '21,Jul '21,Aug '21,Sep '21,Oct '21,Nov '21,Dec '21,
,,,,,,,,,,,,,,,,,,,,,,,,,,,,,,,,,,,,,,,,,
,,,,,,,,,,,,,,,,,,,,,,,,,,,,,,,,,,,,,,,,,
, DASHBOARD SALES, New sales,,,,,,,0,1,1,0,1,1,2,1,1,2,1,2,2,2,2,2,2,2,3,2,3,2,3,3,3,3,3,3,4,3,4,4,
,, Cumulative sales,,,,,,,0,1,2,2,3,4,6,7,8,10,11,13,15,17,19,21,23,25,28,30,33,35,38,41,44,47,50,53,57,60,64,68,
,,,,,,,,,,,,,,,,,,,,,,,,,,,,,,,,,,,,,,,,,
, ORIGINATION SALES, New sales,,,,,,,0,1,1,1,1,1,1,1,2,1,2,1,2,2,2,2,2,3,2,2,3,3,2,3,3,3,3,4,3,3,4,4,
,, Cumulative sales,,,,,,,0,1,2,3,4,5,6,7,9,10,12,13,15,17,19,21,23,26,28,30,33,36,38,41,44,47,50,54,57,60,64,68,
,,,,,,,,,,,,,,,,,,,,,,,,,,,,,,,,,,,,,,,,,
, TOTAL SALES, New sales,,,,,,,0,2,2,1,2,2,3,2,3,3,3,3,4,4,4,4,4,5,5,4,6,5,5,6,6,6,6,7,7,6,8,8,
,, Cumulative sales,,,,,,,0,2,4,5,7,9,12,14,17,20,23,26,30,34,38,42,46,51,56,60,66,71,76,82,88,94,100,107,114,120,128,136,
,,,,,,,,,,,,,,,,,,,,,,,,,,,,,,,,,,,,,,,,,
,,,,,,,,,,,,,,,,,,,,,,,,,,,,,,,,,,,,,,,,,
, HEADCOUNT SUMMARY, Exec Group, FTEs,,,,,,5,5,5,5,5,5,5,5,5,5,5,5,5,5,5,5,5,5,5,5,5,5,5,5,5,5,5,5,5,5,5,5,
,, Growth, FTEs,,,,,,1,1,0,0,0,1,1,1,1,1,4,4,4,4,4,4,6,6,6,6,6,6,7,7,7,7,7,7,8,8,8,8,
,, Customer Success, FTEs,,,,,,2,2,4,4,4,4,4,4,4,4,5,5,6,6,7,7,7,8,9,9,9,11,11,11,12,13,13,14,15,16,16,18,
,, Engineering, FTEs,,,,,,22,22,22,22,22,23,25,25,28,28,28,28,28,28,30,30,30,31,33,33,35,35,35,36,38,38,39,39,40,40,42,42,
,, Product, FTEs,,,,,,1,2,2,3,4,5,5,5,5,6,6,6,6,7,7,7,7,7,7,8,8,8,8,8,8,9,9,9,10,10,10,10,
,, BizOps & Other Admin, FTEs,,,,,,2,2,2,2,2,2,2,2,2,2,2,2,2,2,2,2,2,2,2,2,2,2,2,2,2,3,3,3,3,3,3,3,
,, Contractors (GFL & GlobalMe), FTEs,,,,,,0,0,0,0,0,0,0,0,0,0,0,0,0,0,0,0,0,0,0,0,0,0,0,0,0,0,0,0,0,0,0,0,
,, Total excluding contractors, FTEs,,,,,,33,34,35,36,37,40,42,42,45,46,50,50,51,52,55,55,57,59,62,63,65,67,68,69,72,75,76,77,81,82,84,86,
,, Total including contractors, FTEs,,,,,,33,34,35,36,37,40,42,42,45,46,50,50,51,52,55,55,57,59,62,63,65,67,68,69,72,75,76,77,81,82,84,86,
,,,,,,,,,,,,,,,,,,,,,,,,,,,,,,,,,,,,,,,,,
, Contracted ARR (run rate), $,,,,,,,"$1,566,000","$1,746,000","$1,926,000","$2,046,000","$1,986,000","$2,166,000","$2,406,000","$2,586,000","$2,946,000","$3,216,000","$3,576,000","$3,846,000","$4,266,000","$4,686,000","$5,106,000","$5,526,000","$5,946,000","$6,516,000","$6,996,000","$7,416,000","$8,136,000","$8,796,000","$9,336,000","$10,056,000","$10,776,000","$11,496,000","$12,216,000","$13,116,000","$13,896,000","$14,616,000","$15,576,000","$16,536,000",
,,,,,,,,,,,,,,,,,,,,,,,,,,,,,,,,,,,,,,,,,
, Number of customers, #,,,,,,,11,12,13,14,10,11,12,13,15,16,18,19,21,23,25,27,29,32,34,36,39,42,44,47,50,53,56,60,63,66,70,74,
, Average ARR/customer, $,,,,,,,"$142,364","$145,500","$148,154","$146,143","$198,600","$196,909","$200,500","$198,923","$196,400","$201,000","$198,667","$202,421","$203,143","$203,739","$204,240","$204,667","$205,034","$203,625","$205,765","$206,000","$208,615","$209,429","$212,182","$213,957","$215,520","$216,906","$218,143","$218,600","$220,571","$221,455","$222,514","$223,459",
,,,,,,,,,,,,,,,,,,,,,,,,,,,,,,,,,,,,,,,,,
, REVENUE -- ACCRUAL BASIS,,,,,,,,,,,,,,,,,,,,,,,,,,,,,,,,,,,,,,,,
, Non-recurring revenue, $,,,,,,,$0,"$115,000","$10,000","$10,000","$10,000","$10,000","$10,000","$10,000","$20,000","$10,000","$20,000","$10,000","$20,000","$20,000","$20,000","$20,000","$20,000","$30,000","$20,000","$20,000","$30,000","$30,000","$20,000","$30,000","$30,000","$30,000","$30,000","$40,000","$30,000","$30,000","$40,000","$40,000",
, Recurring revenue, $,,,,,,,"$130,500","$130,500","$135,500","$150,500","$140,500","$155,500","$170,500","$190,500","$205,500","$220,500","$255,500","$273,000","$308,000","$330,500","$365,500","$400,500","$435,500","$470,500","$505,500","$558,000","$593,000","$633,000","$688,000","$748,000","$793,000","$853,000","$913,000","$973,000","$1,033,000","$1,113,000","$1,173,000","$1,238,000",
, Total revenue, $,,,,,,,"$130,500","$245,500","$145,500","$160,500","$150,500","$165,500","$180,500","$200,500","$225,500","$230,500","$275,500","$283,000","$328,000","$350,500","$385,500","$420,500","$455,500","$500,500","$525,500","$578,000","$623,000","$663,000","$708,000","$778,000","$823,000","$883,000","$943,000","$1,013,000","$1,063,000","$1,143,000","$1,213,000","$1,278,000",
,,,,,,,,,,,,,,,,,,,,,,,,,,,,,,,,,,,,,,,,,
, REVENUE -- CASH BASIS,,,,,,,,,,,,,,,,,,,,,,,,,,,,,,,,,,,,,,,,
, Non-recurring revenue, $,,,,,,,$0,"$115,000","$10,000","$10,000","$10,000","$10,000","$10,000","$10,000","$20,000","$10,000","$20,000","$10,000","$20,000","$20,000","$20,000","$20,000","$20,000","$30,000","$20,000","$20,000","$30,000","$30,000","$20,000","$30,000","$30,000","$30,000","$30,000","$40,000","$30,000","$30,000","$40,000","$40,000",
, Recurring revenue, $,,,,,,,"$40,000","$145,000","$100,000","$220,000","$340,000","$220,000","$220,000","$280,000","$542,857","$250,000","$460,000","$250,000","$460,000","$310,000","$520,000","$640,000","$610,500","$670,500","$670,500","$940,500","$1,053,357","$820,500","$1,150,500","$1,000,500","$1,030,500","$1,060,500","$1,270,500","$1,390,500","$1,330,500","$1,630,500","$1,390,500","$1,720,500",
, Total revenue, $,,,,,,,"$40,000","$260,000","$110,000","$230,000","$350,000","$230,000","$230,000","$290,000","$562,857","$260,000","$480,000","$260,000","$480,000","$330,000","$540,000","$660,000","$630,500","$700,500","$690,500","$960,500","$1,083,357","$850,500","$1,170,500","$1,030,500","$1,060,500","$1,090,500","$1,300,500","$1,430,500","$1,360,500","$1,660,500","$1,430,500","$1,760,500",
,,,,,,,,,,,,,,,,,,,,,,,,,,,,,,,,,,,,,,,,,
, Operating costs, $,,,,,,,"$102,045","$438,969","$470,919","$414,290","$421,600","$449,281","$468,171","$568,298","$502,264","$509,282","$544,237","$542,004","$552,895","$562,553","$589,343","$589,752","$613,143","$635,164","$658,420","$668,103","$688,915","$703,698","$710,769","$724,946","$750,853","$776,302","$787,867","$797,433","$823,677","$830,627","$852,705","$867,534",
,,,,,,,,,,,,,,,,,,,,,,,,,,,,,,,,,,,,,,,,,
, Cash burn rate, $,,,,,,,"$62,045","$178,969","$360,919","$184,290","$71,600","$219,281","$238,171","$278,298",$0,"$249,282","$64,237","$282,004","$72,895","$232,553","$49,343",$0,$0,$0,$0,$0,$0,$0,$0,$0,$0,$0,$0,$0,$0,$0,$0,$0,
, Cash balance, $,"$1,246,607",,,,,,"$1,622,445","$1,827,866","$1,435,672","$1,246,607","$11,170,232","$11,067,676","$10,822,730","$10,537,657","$10,702,475","$10,444,918","$9,922,407","$9,638,128","$9,562,958","$9,328,130","$9,276,512","$9,344,485","$9,359,567","$9,422,628","$9,452,433","$9,742,555","$10,134,722","$10,279,249","$10,736,705","$11,042,258","$11,351,905","$11,666,103","$12,178,737","$12,811,804","$13,348,627","$14,178,500","$14,756,295","$15,649,260",
, Runway, months,4.0,,,,,,26.1,10.2,4.0,6.8,156.0,50.5,45.4,37.9,n/a,41.9,154.5,34.2,131.2,40.1,188.0,n/a,n/a,n/a,n/a,n/a,n/a,n/a,n/a,n/a,n/a,n/a,n/a,n/a,n/a,n/a,n/a,n/a,
,,,,,,,,,,,,,,,,,,,,,,,,,,,,,,,,,,,,,,,,,
,,,,,,,,,,,,,,,,,,,,,,,,,,,,,,,,,,,,,,,,,
, FINANCING,,,,,,,,,,,,,,,,,,,,,,,,,,,,,,,,,,,,,,,,
,,,,,,,,,,,,,,,,,,,,,,,,,,,,,,,,,,,,,,,,,
,,,,,,,,,,,,,,,,,,,,,,,,,,,,,,,,,,,,,,,,,
, Equity Financing,,,,,,,,,,,,,,,,,,,,,,,,,,,,,,,,,,,,,,,,
, Injection #1,,,,,,,,,,,,,,,,,,,,,,,,,,,,,,,,,,,,,,,,
, Injection #2," 10,000,000 ",,,,,,,,,,,"$10,000,000",,,,,,,,,,,,,,,,,,,,,,,,,,,,
, Injection #3, -   ,,,,,,,,,,,,,,,,,,,,,,,,,,,,,,,,,,,,,,,
, Total equity financing,,,,,,,,$0,$0,$0,$0,"$10,000,000",$0,$0,$0,$0,$0,$0,$0,$0,$0,$0,$0,$0,$0,$0,$0,$0,$0,$0,$0,$0,$0,$0,$0,$0,$0,$0,$0,
,,,,,,,,,,,,,,,,,,,,,,,,,,,,,,,,,,,,,,,,,
, Debt Financing,,,,,,,,,,,,,,,,,,,,,,,,,,,,,,,,,,,,,,,,
, SRED Facility, Opening balance,,,,,,,$0,$0,"$187,500","$187,500","$187,500","$187,500","$337,500","$337,500","$337,500","$450,000","$450,000",$0,$0,$0,$0,$0,$0,$0,$0,$0,$0,$0,$0,$0,$0,$0,$0,$0,$0,$0,$0,$0,
,, Issuance,,,,,,, -   ," 187,500 ",, -   , -   ," 150,000 ", -   , -   ," 112,500 ", -   , -   , -   , -   , -   , -   , -   , -   , -   , -   , -   , -   , -   , -   , -   , -   , -   , -   , -   , -   , -   , -   , -   ,
,, Repayment,,,,,,, -   , -   , -   ,, -   , -   , -   , -   , -   , -   ,"-450,000 ", -   , -   , -   , -   , -   , -   , -   , -   , -   , -   , -   , -   , -   , -   , -   , -   , -   , -   , -   , -   , -   ,
,, Closing Balance,,,,,,,$0,"$187,500","$187,500","$187,500","$187,500","$337,500","$337,500","$337,500","$450,000","$450,000",$0,$0,$0,$0,$0,$0,$0,$0,$0,$0,$0,$0,$0,$0,$0,$0,$0,$0,$0,$0,$0,$0,
,,,,,,,,,,,,,,,,,,,,,,,,,,,,,,,,,,,,,,,,,
,, Interest payment,16%,,,,,,$0,"-$2,500","-$2,500","-$2,500","-$2,500","-$4,500","-$4,500","-$4,500","-$6,000","-$6,000","-$6,000",$0,$0,$0,$0,$0,$0,$0,$0,$0,$0,$0,$0,$0,$0,$0,$0,$0,$0,$0,$0,$0,
,,,,,,,,,,,,,,,,,,,,,,,,,,,,,,,,,,,,,,,,,
, Contract Financing, Opening balance,,,,,,,"$250,000","$250,000",$0,$0,$0,$0,$0,$0,$0,$0,$0,$0,$0,$0,$0,$0,$0,$0,$0,$0,$0,$0,$0,$0,$0,$0,$0,$0,$0,$0,$0,$0,
,, Issuance,,,,,,, -   , -   , -   , -   , -   , -   , -   , -   , -   , -   , -   , -   , -   , -   , -   , -   , -   , -   , -   , -   , -   , -   , -   , -   , -   , -   , -   , -   , -   , -   , -   , -   ,
,, Repayment,,,,,,, -   ,"-250,000 ", -   , -   , -   , -   , -   , -   , -   , -   , -   , -   , -   , -   , -   , -   , -   , -   , -   , -   , -   , -   , -   , -   , -   , -   , -   , -   , -   , -   , -   , -   ,
,, Closing Balance,,,,,,,"$250,000",$0,$0,$0,$0,$0,$0,$0,$0,$0,$0,$0,$0,$0,$0,$0,$0,$0,$0,$0,$0,$0,$0,$0,$0,$0,$0,$0,$0,$0,$0,$0,
,,,,,,,,,,,,,,,,,,,,,,,,,,,,,,,,,,,,,,,,,
,, Interest payment,16%,,,,,,"-$3,333","-$3,333",$0,$0,$0,$0,$0,$0,$0,$0,$0,$0,$0,$0,$0,$0,$0,$0,$0,$0,$0,$0,$0,$0,$0,$0,$0,$0,$0,$0,$0,$0,
,,,,,,,,,,,,,,,,,,,,,,,,,,,,,,,,,,,,,,,,,
, Other Facility, Opening balance,,,,,,,$0,$0,"$454,998","$454,998","$454,998","$454,998","$454,998","$454,998","$454,998","$454,998","$454,998","$454,998","$454,998","$454,998","$454,998","$454,998","$454,998","$454,998","$454,998","$454,998","$454,998","$454,998","$454,998",$0,$0,$0,$0,$0,$0,$0,$0,$0,
,, Issuance,,,,,,, -   ," 454,998 ", -   , -   , -   , -   , -   , -   , -   , -   , -   , -   , -   , -   , -   , -   , -   , -   , -   , -   , -   , -   , -   , -   , -   , -   , -   , -   , -   , -   , -   , -   ,
,, Repayment,,,,,,, -   , -   , -   , -   , -   , -   , -   , -   , -   , -   , -   , -   , -   , -   , -   , -   , -   , -   , -   , -   , -   , -   ,"-454,998 ", -   , -   , -   , -   , -   , -   , -   , -   , -   ,
,, Closing Balance,,,,,,,$0,"$454,998","$454,998","$454,998","$454,998","$454,998","$454,998","$454,998","$454,998","$454,998","$454,998","$454,998","$454,998","$454,998","$454,998","$454,998","$454,998","$454,998","$454,998","$454,998","$454,998","$454,998",$0,$0,$0,$0,$0,$0,$0,$0,$0,$0,
,,,,,,,,,,,,,,,,,,,,,,,,,,,,,,,,,,,,,,,,,
,, Interest payment,6%,,,,,,$0,"-$2,275","-$2,275","-$2,275","-$2,275","-$2,275","-$2,275","-$2,275","-$2,275","-$2,275","-$2,275","-$2,275","-$2,275","-$2,275","-$2,275","-$2,275","-$2,275","-$2,275","-$2,275","-$2,275","-$2,275","-$2,275","-$2,275",$0,$0,$0,$0,$0,$0,$0,$0,$0,
,,,,,,,,,,,,,,,,,,,,,,,,,,,,,,,,,,,,,,,,,
,, Other fees,,,,,,,,,,,,,,,,,,,,,,,,,,,,,,,,,,,,,,,
,,,,,,,,,,,,,,,,,,,,,,,,,,,,,,,,,,,,,,,,,
, Total debt outstanding,,,,,,,,"$250,000","$642,498","$642,498","$642,498","$642,498","$792,498","$792,498","$792,498","$904,998","$904,998","$454,998","$454,998","$454,998","$454,998","$454,998","$454,998","$454,998","$454,998","$454,998","$454,998","$454,998","$454,998",$0,$0,$0,$0,$0,$0,$0,$0,$0,$0,
,,,,,,,,,,,,,,,,,,,,,,,,,,,,,,,,,,,,,,,,,
, Financing inflow,,,,,,,,$0,"$642,498",$0,$0,"$10,000,000","$150,000",$0,$0,"$112,500",$0,$0,$0,$0,$0,$0,$0,$0,$0,$0,$0,$0,$0,$0,$0,$0,$0,$0,$0,$0,$0,$0,$0,
, Financing outflow,,,,,,,,"-$3,333","-$258,108","-$4,775","-$4,775","-$4,775","-$6,775","-$6,775","-$6,775","-$8,275","-$8,275","-$458,275","-$2,275","-$2,275","-$2,275","-$2,275","-$2,275","-$2,275","-$2,275","-$2,275","-$2,275","-$2,275","-$2,275","-$2,275",$0,$0,$0,$0,$0,$0,$0,$0,$0,
, Net financing cash flow,,,,,,,,"-$3,333","$384,390","-$4,775","-$4,775","$9,995,225","$143,225","-$6,775","-$6,775","$104,225","-$8,275","-$458,275","-$2,275","-$2,275","-$2,275","-$2,275","-$2,275","-$2,275","-$2,275","-$2,275","-$2,275","-$2,275","-$2,275","-$2,275",$0,$0,$0,$0,$0,$0,$0,$0,$0,
,,,,,,,,,,,,,,,,,,,,,,,,,,,,,,,,,,,,,,,,,
,,,,,,,,,,,,,,,,,,,,,,,,,,,,,,,,,,,,,,,,,
, CASH BALANCES,,,,,,,,,,,,,,,,,,,,,,,,,,,,,,,,,,,,,,,,
,,,,,,,,,,,,,,,,,,,,,,,,,,,,,,,,,,,,,,,,,
,,,,,,,,,,,,,,,,,,,,,,,,,,,,,,,,,,,,,,,,,
, Opening Balance,,,,,,,,"$1,637,823","$1,622,445","$1,827,866","$1,435,672","$1,246,607","$11,170,232","$11,067,676","$10,822,730","$10,537,657","$10,702,475","$10,444,918","$9,922,407","$9,638,128","$9,562,958","$9,328,130","$9,276,512","$9,344,485","$9,359,567","$9,422,628","$9,452,433","$9,742,555","$10,134,722","$10,279,249","$10,736,705","$11,042,258","$11,351,905","$11,666,103","$12,178,737","$12,811,804","$13,348,627","$14,178,500","$14,756,295",
,,,,,,,,,,,,,,,,,,,,,,,,,,,,,,,,,,,,,,,,,
, Additions,,,,,,,,,,,,,,,,,,,,,,,,,,,,,,,,,,,,,,,,
,, Cash payments,,,,,,,"$40,000","$260,000","$110,000","$230,000","$350,000","$230,000","$230,000","$290,000","$562,857","$260,000","$480,000","$260,000","$480,000","$330,000","$540,000","$660,000","$630,500","$700,500","$690,500","$960,500","$1,083,357","$850,500","$1,170,500","$1,030,500","$1,060,500","$1,090,500","$1,300,500","$1,430,500","$1,360,500","$1,660,500","$1,430,500","$1,760,500",
,, SRED,,,,,,,,,,,,,,,$0,$0,$0,$0,$0,$0,$0,$0,$0,$0,$0,$0,$0,$0,$0,$0,$0,$0,$0,$0,$0,$0,$0,$0,
,, Misc. grants,,,,,,,,,,,,,,,,,,,,,,,,,,,,,,,,,,,,,,,
,, Financing,,,,,,,$0,"$642,498",$0,$0,"$10,000,000","$150,000",$0,$0,"$112,500",$0,$0,$0,$0,$0,$0,$0,$0,$0,$0,$0,$0,$0,$0,$0,$0,$0,$0,$0,$0,$0,$0,$0,
,, Other,,,,,,,"$50,000",,,,,,,,,,,,,,,,,,,,,,,,,,,,,,,,
,,,,,,,,,"$90,000","$902,498","$110,000","$230,000","$10,350,000","$380,000","$230,000","$290,000","$675,357","$260,000","$480,000","$260,000","$480,000","$330,000","$540,000","$660,000","$630,500","$700,500","$690,500","$960,500","$1,083,357","$850,500","$1,170,500","$1,030,500","$1,060,500","$1,090,500","$1,300,500","$1,430,500","$1,360,500","$1,660,500","$1,430,500","$1,760,500",
, Deductions,,,,,,,,,,,,,,,,,,,,,,,,,,,,,,,,,,,,,,,,
,, Operating costs,,,,,,,"$102,045","$438,969","$470,919","$414,290","$421,600","$449,281","$468,171","$568,298","$502,264","$509,282","$544,237","$542,004","$552,895","$562,553","$589,343","$589,752","$613,143","$635,164","$658,420","$668,103","$688,915","$703,698","$710,769","$724,946","$750,853","$776,302","$787,867","$797,433","$823,677","$830,627","$852,705","$867,534",
,, Financing,,,,,,,"$3,333","$258,108","$4,775","$4,775","$4,775","$6,775","$6,775","$6,775","$8,275","$8,275","$458,275","$2,275","$2,275","$2,275","$2,275","$2,275","$2,275","$2,275","$2,275","$2,275","$2,275","$2,275","$2,275",$0,$0,$0,$0,$0,$0,$0,$0,$0,
,, Other,,,,,,,,,"$26,500",,,"$26,500",,,,,,,,,,,,,,,,,,,,,,,,,,,
,,,,,,,,,"$105,378","$697,077","$502,194","$419,065","$426,375","$482,556","$474,946","$575,073","$510,539","$517,557","$1,002,512","$544,279","$555,170","$564,828","$591,618","$592,027","$615,418","$637,439","$660,695","$670,378","$691,190","$705,973","$713,044","$724,946","$750,853","$776,302","$787,867","$797,433","$823,677","$830,627","$852,705","$867,534",
,,,,,,,,,,,,,,,,,,,,,,,,,,,,,,,,,,,,,,,,,
, Closing Balance,,"$1,246,607",,,,,,"$1,622,445","$1,827,866","$1,435,672","$1,246,607","$11,170,232","$11,067,676","$10,822,730","$10,537,657","$10,702,475","$10,444,918","$9,922,407","$9,638,128","$9,562,958","$9,328,130","$9,276,512","$9,344,485","$9,359,567","$9,422,628","$9,452,433","$9,742,555","$10,134,722","$10,279,249","$10,736,705","$11,042,258","$11,351,905","$11,666,103","$12,178,737","$12,811,804","$13,348,627","$14,178,500","$14,756,295","$15,649,260",
,,,,,,,,,,,,,,,,,,,,,,,,,,,,,,,,,,,,,,,,,
,,,,,,,,,,,,,,,,,,,,,,,,,,,,,,,,,,,,,,,,,
, REVENUES,,,,,,,,,,,,,,,,,,,,,,,,,,,,,,,,,,,,,,,,
,,,,,,,,,,,,,,,,,,,,,,,,,,,,,,,,,,,,,,,,,
,,,,,,,,,,,,,,,,,,,,,,,,,,,,,,,,,,,,,,,,,
, Non-recurring fees (cash),,,,,,,,$0,"$115,000","$10,000","$10,000","$10,000","$10,000","$10,000","$10,000","$20,000","$10,000","$20,000","$10,000","$20,000","$20,000","$20,000","$20,000","$20,000","$30,000","$20,000","$20,000","$30,000","$30,000","$20,000","$30,000","$30,000","$30,000","$30,000","$40,000","$30,000","$30,000","$40,000","$40,000",
,,,,,,,,,,,,,,,,,,,,,,,,,,,,,,,,,,,,,,,,,
, Recurring revenue (cash),,,,,,,,"$40,000","$145,000","$100,000","$220,000","$340,000","$220,000","$220,000","$280,000","$542,857","$250,000","$460,000","$250,000","$460,000","$310,000","$520,000","$640,000","$610,500","$670,500","$670,500","$940,500","$1,053,357","$820,500","$1,150,500","$1,000,500","$1,030,500","$1,060,500","$1,270,500","$1,390,500","$1,330,500","$1,630,500","$1,390,500","$1,720,500",
, Recurring revenue (accrual),,,,,,,,"$130,500","$130,500","$135,500","$150,500","$140,500","$155,500","$170,500","$190,500","$205,500","$220,500","$255,500","$273,000","$308,000","$330,500","$365,500","$400,500","$435,500","$470,500","$505,500","$558,000","$593,000","$633,000","$688,000","$748,000","$793,000","$853,000","$913,000","$973,000","$1,033,000","$1,113,000","$1,173,000","$1,238,000",
,,,,,,,,,,,,,,,,,,,,,,,,,,,,,,,,,,,,,,,,,
, MRR -- contracted,,,,,,,,"$130,500","$145,500","$160,500","$170,500","$165,500","$180,500","$200,500","$215,500","$245,500","$268,000","$298,000","$320,500","$355,500","$390,500","$425,500","$460,500","$495,500","$543,000","$583,000","$618,000","$678,000","$733,000","$778,000","$838,000","$898,000","$958,000","$1,018,000","$1,093,000","$1,158,000","$1,218,000","$1,298,000","$1,378,000",
, ARR -- contracted,,,,,,,,"$1,566,000","$1,746,000","$1,926,000","$2,046,000","$1,986,000","$2,166,000","$2,406,000","$2,586,000","$2,946,000","$3,216,000","$3,576,000","$3,846,000","$4,266,000","$4,686,000","$5,106,000","$5,526,000","$5,946,000","$6,516,000","$6,996,000","$7,416,000","$8,136,000","$8,796,000","$9,336,000","$10,056,000","$10,776,000","$11,496,000","$12,216,000","$13,116,000","$13,896,000","$14,616,000","$15,576,000","$16,536,000",
,,,,,,,,,,,,,,,,,,,,,,,,,,,,,,,,,,,,,,,,,
, Recognized revenue,,,,,,,,"$130,500","$245,500","$145,500","$160,500","$150,500","$165,500","$180,500","$200,500","$225,500","$230,500","$275,500","$283,000","$328,000","$350,500","$385,500","$420,500","$455,500","$500,500","$525,500","$578,000","$623,000","$663,000","$708,000","$778,000","$823,000","$883,000","$943,000","$1,013,000","$1,063,000","$1,143,000","$1,213,000","$1,278,000",
, Cash payments,,,,,,,,"$40,000","$260,000","$110,000","$230,000","$350,000","$230,000","$230,000","$290,000","$562,857","$260,000","$480,000","$260,000","$480,000","$330,000","$540,000","$660,000","$630,500","$700,500","$690,500","$960,500","$1,083,357","$850,500","$1,170,500","$1,030,500","$1,060,500","$1,090,500","$1,300,500","$1,430,500","$1,360,500","$1,660,500","$1,430,500","$1,760,500",
,,,,,,,,,,,,,,,,,,,,,,,,,,,,,,,,,,,,,,,,,
,,,,,,,,,,,,,,,,,,,,,,,,,,,,,,,,,,,,,,,,,
, Existing Customers,,,,,,,,,,,,,,,,,,,,,,,,,,,,,,,,,,,,,,,,
,,,,,,,,,,,,,,,,,,,,,,,,,,,,,,,,,,,,,,,,,
, Number of existing individual customers (incl. consortiums),,,,,,,, 11 , 11 , 11 , 11 , 6 , 6 , 6 , 6 , 6 , 6 , 6 , 6 , 6 , 6 , 6 , 6 , 6 , 6 , 6 , 6 , 6 , 6 , 6 , 6 , 6 , 6 , 6 , 6 , 6 , 6 , 6 , 6 ,
,,,,,,,,,,,,,,,,,,,,,,,,,,,,,,,,,,,,,,,,,
, TOTAL EXISTING CUSTOMERS, Professional services (cash),,,,,,, -   ," 105,000 ", -   , -   , -   , -   , -   , -   , -   , -   , -   , -   , -   , -   , -   , -   , -   , -   , -   , -   , -   , -   , -   , -   , -   , -   , -   , -   , -   , -   , -   , -   ,
,,,,,,,,,,,,,,,,,,,,,,,,,,,,,,,,,,,,,,,,,
,, Recurring revenue (cash),,,,,,," 40,000 "," 145,000 "," 40,000 "," 40,000 "," 220,000 "," 40,000 "," 40,000 "," 40,000 "," 332,857 "," 40,000 "," 40,000 "," 40,000 "," 40,000 "," 40,000 "," 40,000 "," 40,000 "," 70,500 "," 70,500 "," 70,500 "," 70,500 "," 363,357 "," 70,500 "," 70,500 "," 70,500 "," 70,500 "," 70,500 "," 70,500 "," 70,500 "," 70,500 "," 70,500 "," 70,500 "," 70,500 ",
,, Recurring revenue (accrual),,,,,,," 130,500 "," 130,500 "," 130,500 "," 130,500 "," 110,500 "," 110,500 "," 110,500 "," 110,500 "," 110,500 "," 110,500 "," 110,500 "," 110,500 "," 110,500 "," 110,500 "," 110,500 "," 110,500 "," 110,500 "," 110,500 "," 110,500 "," 110,500 "," 110,500 "," 110,500 "," 110,500 "," 110,500 "," 110,500 "," 110,500 "," 110,500 "," 110,500 "," 110,500 "," 110,500 "," 110,500 "," 110,500 ",
,,,,,,,,,,,,,,,,,,,,,,,,,,,,,,,,,,,,,,,,,
,, Total payments (cash),,,,,,," 40,000 "," 250,000 "," 40,000 "," 40,000 "," 220,000 "," 40,000 "," 40,000 "," 40,000 "," 332,857 "," 40,000 "," 40,000 "," 40,000 "," 40,000 "," 40,000 "," 40,000 "," 40,000 "," 70,500 "," 70,500 "," 70,500 "," 70,500 "," 363,357 "," 70,500 "," 70,500 "," 70,500 "," 70,500 "," 70,500 "," 70,500 "," 70,500 "," 70,500 "," 70,500 "," 70,500 "," 70,500 ",
,,,,,,,,,,,,,,,,,,,,,,,,,,,,,,,,,,,,,,,,,
,, MRR -- contracted,,,,,,," 130,500 "," 130,500 "," 130,500 "," 130,500 "," 110,500 "," 110,500 "," 110,500 "," 110,500 "," 110,500 "," 110,500 "," 110,500 "," 110,500 "," 110,500 "," 110,500 "," 110,500 "," 110,500 "," 110,500 "," 110,500 "," 110,500 "," 110,500 "," 110,500 "," 110,500 "," 110,500 "," 110,500 "," 110,500 "," 110,500 "," 110,500 "," 110,500 "," 110,500 "," 110,500 "," 110,500 "," 110,500 ",
,, MRR -- realized,,,,,,," 130,500 "," 130,500 "," 130,500 "," 130,500 "," 110,500 "," 110,500 "," 110,500 "," 110,500 "," 110,500 "," 110,500 "," 110,500 "," 110,500 "," 110,500 "," 110,500 "," 110,500 "," 110,500 "," 110,500 "," 110,500 "," 110,500 "," 110,500 "," 110,500 "," 110,500 "," 110,500 "," 110,500 "," 110,500 "," 110,500 "," 110,500 "," 110,500 "," 110,500 "," 110,500 "," 110,500 "," 110,500 ",
,,,,,,,,,,,,,,,,,,,,,,,,,,,,,,,,,,,,,,,,,
,, ARR -- contracted,,,,,,," 1,566,000 "," 1,566,000 "," 1,566,000 "," 1,566,000 "," 1,326,000 "," 1,326,000 "," 1,326,000 "," 1,326,000 "," 1,326,000 "," 1,326,000 "," 1,326,000 "," 1,326,000 "," 1,326,000 "," 1,326,000 "," 1,326,000 "," 1,326,000 "," 1,326,000 "," 1,326,000 "," 1,326,000 "," 1,326,000 "," 1,326,000 "," 1,326,000 "," 1,326,000 "," 1,326,000 "," 1,326,000 "," 1,326,000 "," 1,326,000 "," 1,326,000 "," 1,326,000 "," 1,326,000 "," 1,326,000 "," 1,326,000 ",
,, ARR -- realized,,,,,,," 1,566,000 "," 1,566,000 "," 1,566,000 "," 1,566,000 "," 1,326,000 "," 1,326,000 "," 1,326,000 "," 1,326,000 "," 1,326,000 "," 1,326,000 "," 1,326,000 "," 1,326,000 "," 1,326,000 "," 1,326,000 "," 1,326,000 "," 1,326,000 "," 1,326,000 "," 1,326,000 "," 1,326,000 "," 1,326,000 "," 1,326,000 "," 1,326,000 "," 1,326,000 "," 1,326,000 "," 1,326,000 "," 1,326,000 "," 1,326,000 "," 1,326,000 "," 1,326,000 "," 1,326,000 "," 1,326,000 "," 1,326,000 ",
,,,,,,,,,,,,,,,,,,,,,,,,,,,,,,,,,,,,,,,,,
,,,,,,,,,,,,,,,,,,,,,,,,,,,,,,,,,,,,,,,,,
, C1, Professional services (cash),,,,,,, -   , -   , -   , -   , -   , -   , -   , -   , -   , -   , -   , -   , -   , -   , -   , -   , -   , -   , -   , -   , -   , -   , -   , -   , -   , -   , -   , -   , -   , -   , -   , -   ,
,,,,,,,,,,,,,,,,,,,,,,,,,,,,,,,,,,,,,,,,,
,, Recurring revenue (cash),,,,,,," 12,500 "," 12,500 "," 12,500 "," 12,500 "," 12,500 "," 12,500 "," 12,500 "," 12,500 "," 12,500 "," 12,500 "," 12,500 "," 12,500 "," 12,500 "," 12,500 "," 12,500 "," 12,500 "," 43,000 "," 43,000 "," 43,000 "," 43,000 "," 43,000 "," 43,000 "," 43,000 "," 43,000 "," 43,000 "," 43,000 "," 43,000 "," 43,000 "," 43,000 "," 43,000 "," 43,000 "," 43,000 ",
,, Recurring revenue (accrual),,,,,,," 43,000 "," 43,000 "," 43,000 "," 43,000 "," 43,000 "," 43,000 "," 43,000 "," 43,000 "," 43,000 "," 43,000 "," 43,000 "," 43,000 "," 43,000 "," 43,000 "," 43,000 "," 43,000 "," 43,000 "," 43,000 "," 43,000 "," 43,000 "," 43,000 "," 43,000 "," 43,000 "," 43,000 "," 43,000 "," 43,000 "," 43,000 "," 43,000 "," 43,000 "," 43,000 "," 43,000 "," 43,000 ",
,,,,,,,,,,,,,,,,,,,,,,,,,,,,,,,,,,,,,,,,,
,, Total payments (cash),,,,,,," 12,500 "," 12,500 "," 12,500 "," 12,500 "," 12,500 "," 12,500 "," 12,500 "," 12,500 "," 12,500 "," 12,500 "," 12,500 "," 12,500 "," 12,500 "," 12,500 "," 12,500 "," 12,500 "," 43,000 "," 43,000 "," 43,000 "," 43,000 "," 43,000 "," 43,000 "," 43,000 "," 43,000 "," 43,000 "," 43,000 "," 43,000 "," 43,000 "," 43,000 "," 43,000 "," 43,000 "," 43,000 ",
,,,,,,,,,,,,,,,,,,,,,,,,,,,,,,,,,,,,,,,,,
,, MRR -- contracted,,,,,,," 43,000 "," 43,000 "," 43,000 "," 43,000 "," 43,000 "," 43,000 "," 43,000 "," 43,000 "," 43,000 "," 43,000 "," 43,000 "," 43,000 "," 43,000 "," 43,000 "," 43,000 "," 43,000 "," 43,000 "," 43,000 "," 43,000 "," 43,000 "," 43,000 "," 43,000 "," 43,000 "," 43,000 "," 43,000 "," 43,000 "," 43,000 "," 43,000 "," 43,000 "," 43,000 "," 43,000 "," 43,000 ",
,, MRR -- realized,,,,,,," 43,000 "," 43,000 "," 43,000 "," 43,000 "," 43,000 "," 43,000 "," 43,000 "," 43,000 "," 43,000 "," 43,000 "," 43,000 "," 43,000 "," 43,000 "," 43,000 "," 43,000 "," 43,000 "," 43,000 "," 43,000 "," 43,000 "," 43,000 "," 43,000 "," 43,000 "," 43,000 "," 43,000 "," 43,000 "," 43,000 "," 43,000 "," 43,000 "," 43,000 "," 43,000 "," 43,000 "," 43,000 ",
,,,,,,,,,,,,,,,,,,,,,,,,,,,,,,,,,,,,,,,,,
, C2, Professional services (cash),,,,,,, -   , -   , -   , -   , -   , -   , -   , -   , -   , -   , -   , -   , -   , -   , -   , -   , -   , -   , -   , -   , -   , -   , -   , -   , -   , -   , -   , -   , -   , -   , -   , -   ,
,,,,,,,,,,,,,,,,,,,,,,,,,,,,,,,,,,,,,,,,,
,, Recurring revenue (cash),,,,,,," 27,500 "," 27,500 "," 27,500 "," 27,500 "," 27,500 "," 27,500 "," 27,500 "," 27,500 "," 170,357 "," 27,500 "," 27,500 "," 27,500 "," 27,500 "," 27,500 "," 27,500 "," 27,500 "," 27,500 "," 27,500 "," 27,500 "," 27,500 "," 170,357 "," 27,500 "," 27,500 "," 27,500 "," 27,500 "," 27,500 "," 27,500 "," 27,500 "," 27,500 "," 27,500 "," 27,500 "," 27,500 ",
,, Recurring revenue (accrual),,,,,,," 40,000 "," 40,000 "," 40,000 "," 40,000 "," 40,000 "," 40,000 "," 40,000 "," 40,000 "," 40,000 "," 40,000 "," 40,000 "," 40,000 "," 40,000 "," 40,000 "," 40,000 "," 40,000 "," 40,000 "," 40,000 "," 40,000 "," 40,000 "," 40,000 "," 40,000 "," 40,000 "," 40,000 "," 40,000 "," 40,000 "," 40,000 "," 40,000 "," 40,000 "," 40,000 "," 40,000 "," 40,000 ",
,,,,,,,,,,,,,,,,,,,,,,,,,,,,,,,,,,,,,,,,,
,, Total payments (cash),,,,,,," 27,500 "," 27,500 "," 27,500 "," 27,500 "," 27,500 "," 27,500 "," 27,500 "," 27,500 "," 170,357 "," 27,500 "," 27,500 "," 27,500 "," 27,500 "," 27,500 "," 27,500 "," 27,500 "," 27,500 "," 27,500 "," 27,500 "," 27,500 "," 170,357 "," 27,500 "," 27,500 "," 27,500 "," 27,500 "," 27,500 "," 27,500 "," 27,500 "," 27,500 "," 27,500 "," 27,500 "," 27,500 ",
,,,,,,,,,,,,,,,,,,,,,,,,,,,,,,,,,,,,,,,,,
,, MRR -- contracted,,,,,,," 40,000 "," 40,000 "," 40,000 "," 40,000 "," 40,000 "," 40,000 "," 40,000 "," 40,000 "," 40,000 "," 40,000 "," 40,000 "," 40,000 "," 40,000 "," 40,000 "," 40,000 "," 40,000 "," 40,000 "," 40,000 "," 40,000 "," 40,000 "," 40,000 "," 40,000 "," 40,000 "," 40,000 "," 40,000 "," 40,000 "," 40,000 "," 40,000 "," 40,000 "," 40,000 "," 40,000 "," 40,000 ",
,, MRR -- realized,,,,,,," 40,000 "," 40,000 "," 40,000 "," 40,000 "," 40,000 "," 40,000 "," 40,000 "," 40,000 "," 40,000 "," 40,000 "," 40,000 "," 40,000 "," 40,000 "," 40,000 "," 40,000 "," 40,000 "," 40,000 "," 40,000 "," 40,000 "," 40,000 "," 40,000 "," 40,000 "," 40,000 "," 40,000 "," 40,000 "," 40,000 "," 40,000 "," 40,000 "," 40,000 "," 40,000 "," 40,000 "," 40,000 ",
,,,,,,,,,,,,,,,,,,,,,,,,,,,,,,,,,,,,,,,,,
, C3, Professional services (cash),,,,,,,," 105,000 ",,,,,,,,,,,,,,,,,,,,,,,,,,,,,,,
,,,,,,,,,,,,,,,,,,,,,,,,,,,,,,,,,,,,,,,,,
,, Recurring revenue (cash),,,,,,,," 105,000 ",,," 180,000 ",,,,,,,,,,,,, -   ,,,,,,,,,,,, -   ,,,
,, Recurring revenue (accrual),,,,,,," 35,000 "," 35,000 "," 35,000 "," 35,000 "," 15,000 "," 15,000 "," 15,000 "," 15,000 "," 15,000 "," 15,000 "," 15,000 "," 15,000 "," 15,000 "," 15,000 "," 15,000 "," 15,000 "," 15,000 "," 15,000 "," 15,000 "," 15,000 "," 15,000 "," 15,000 "," 15,000 "," 15,000 "," 15,000 "," 15,000 "," 15,000 "," 15,000 "," 15,000 "," 15,000 "," 15,000 "," 15,000 ",
,,,,,,,,,,,,,,,,,,,,,,,,,,,,,,,,,,,,,,,,,
,, Total payments (cash),,,,,,, -   ," 210,000 ", -   , -   ," 180,000 ", -   , -   , -   , -   , -   , -   , -   , -   , -   , -   , -   , -   , -   , -   , -   , -   , -   , -   , -   , -   , -   , -   , -   , -   , -   , -   , -   ,
,,,,,,,,,,,,,,,,,,,,,,,,,,,,,,,,,,,,,,,,,
,, MRR -- contracted,,,,,,," 35,000 "," 35,000 "," 35,000 "," 35,000 "," 15,000 "," 15,000 "," 15,000 "," 15,000 "," 15,000 "," 15,000 "," 15,000 "," 15,000 "," 15,000 "," 15,000 "," 15,000 "," 15,000 "," 15,000 "," 15,000 "," 15,000 "," 15,000 "," 15,000 "," 15,000 "," 15,000 "," 15,000 "," 15,000 "," 15,000 "," 15,000 "," 15,000 "," 15,000 "," 15,000 "," 15,000 "," 15,000 ",
,, MRR -- realized,,,,,,," 35,000 "," 35,000 "," 35,000 "," 35,000 "," 15,000 "," 15,000 "," 15,000 "," 15,000 "," 15,000 "," 15,000 "," 15,000 "," 15,000 "," 15,000 "," 15,000 "," 15,000 "," 15,000 "," 15,000 "," 15,000 "," 15,000 "," 15,000 "," 15,000 "," 15,000 "," 15,000 "," 15,000 "," 15,000 "," 15,000 "," 15,000 "," 15,000 "," 15,000 "," 15,000 "," 15,000 "," 15,000 ",
,,,,,,,,,,,,,,,,,,,,,,,,,,,,,,,,,,,,,,,,,
, C4, Professional services (cash),,,,,,, -   , -   , -   , -   , -   , -   , -   , -   , -   , -   , -   , -   , -   , -   , -   , -   , -   , -   , -   , -   , -   , -   , -   , -   , -   , -   , -   , -   , -   , -   , -   , -   ,
,,,,,,,,,,,,,,,,,,,,,,,,,,,,,,,,,,,,,,,,,
,, Recurring revenue (cash),,,,,,,,,,,,,,," 150,000 ",,,,,,,,,,,," 150,000 ",,,,,,,,,,,,
,, Recurring revenue (accrual),,,,,,," 12,500 "," 12,500 "," 12,500 "," 12,500 "," 12,500 "," 12,500 "," 12,500 "," 12,500 "," 12,500 "," 12,500 "," 12,500 "," 12,500 "," 12,500 "," 12,500 "," 12,500 "," 12,500 "," 12,500 "," 12,500 "," 12,500 "," 12,500 "," 12,500 "," 12,500 "," 12,500 "," 12,500 "," 12,500 "," 12,500 "," 12,500 "," 12,500 "," 12,500 "," 12,500 "," 12,500 "," 12,500 ",
,,,,,,,,,,,,,,,,,,,,,,,,,,,,,,,,,,,,,,,,,
,, Total payments (cash),,,,,,, -   , -   , -   , -   , -   , -   , -   , -   ," 150,000 ", -   , -   , -   , -   , -   , -   , -   , -   , -   , -   , -   ," 150,000 ", -   , -   , -   , -   , -   , -   , -   , -   , -   , -   , -   ,
,,,,,,,,,,,,,,,,,,,,,,,,,,,,,,,,,,,,,,,,,
,, MRR -- contracted,,,,,,," 12,500 "," 12,500 "," 12,500 "," 12,500 "," 12,500 "," 12,500 "," 12,500 "," 12,500 "," 12,500 "," 12,500 "," 12,500 "," 12,500 "," 12,500 "," 12,500 "," 12,500 "," 12,500 "," 12,500 "," 12,500 "," 12,500 "," 12,500 "," 12,500 "," 12,500 "," 12,500 "," 12,500 "," 12,500 "," 12,500 "," 12,500 "," 12,500 "," 12,500 "," 12,500 "," 12,500 "," 12,500 ",
,, MRR -- realized,,,,,,," 12,500 "," 12,500 "," 12,500 "," 12,500 "," 12,500 "," 12,500 "," 12,500 "," 12,500 "," 12,500 "," 12,500 "," 12,500 "," 12,500 "," 12,500 "," 12,500 "," 12,500 "," 12,500 "," 12,500 "," 12,500 "," 12,500 "," 12,500 "," 12,500 "," 12,500 "," 12,500 "," 12,500 "," 12,500 "," 12,500 "," 12,500 "," 12,500 "," 12,500 "," 12,500 "," 12,500 "," 12,500 ",
,,,,,,,,,,,,,,,,,,,,,,,,,,,,,,,,,,,,,,,,,
,, Professional services (cash),,,,,,,,,,,,,,,,,,,,,,,,,,,,,,,,,,,,,,,
,,,,,,,,,,,,,,,,,,,,,,,,,,,,,,,,,,,,,,,,,
,, Recurring revenue (cash),,,,,,,,,,,,,,,,,,,,,,,,,,,,,,,,,,,,,,,
,, Recurring revenue (accrual),,,,,,,,,,,,,,,,,,,,,,,,,,,,,,,,,,,,,,,
,,,,,,,,,,,,,,,,,,,,,,,,,,,,,,,,,,,,,,,,,
,, Total payments (cash),,,,,,, -   , -   , -   , -   , -   , -   , -   , -   , -   , -   , -   , -   , -   , -   , -   , -   , -   , -   , -   , -   , -   , -   , -   , -   , -   , -   , -   , -   , -   , -   , -   , -   ,
,,,,,,,,,,,,,,,,,,,,,,,,,,,,,,,,,,,,,,,,,
,, MRR -- contracted,,,,,,,,,,,,,,,,,,,,,,,,,,,,,,,,,,,,,,,
,, MRR -- realized,,,,,,,, -   , -   , -   , -   , -   , -   , -   , -   , -   , -   , -   , -   , -   , -   , -   , -   , -   , -   , -   , -   , -   , -   , -   , -   , -   , -   , -   , -   , -   , -   , -   ,
,,,,,,,,,,,,,,,,,,,,,,,,,,,,,,,,,,,,,,,,,
,,,,,,,,,,,,,,,,,,,,,,,,,,,,,,,,,,,,,,,,,
, Customer Growth,,,,,,,,,,,,,,,,,,,,,,,,,,,,,,,,,,,,,,,,
,,,,,,,,,,,,,,,,,,,,,,,,,,,,,,,,,,,,,,,,,
, Implementation fees collected,,,,,,,,$0,"$10,000","$10,000","$10,000","$10,000","$10,000","$10,000","$10,000","$20,000","$10,000","$20,000","$10,000","$20,000","$20,000","$20,000","$20,000","$20,000","$30,000","$20,000","$20,000","$30,000","$30,000","$20,000","$30,000","$30,000","$30,000","$30,000","$40,000","$30,000","$30,000","$40,000","$40,000",
,,,,,,,,,,,,,,,,,,,,,,,,,,,,,,,,,,,,,,,,,
, Recurring revenue (cash),,,,,,,,$0,$0,"$60,000","$180,000","$120,000","$180,000","$180,000","$240,000","$210,000","$210,000","$420,000","$210,000","$420,000","$270,000","$480,000","$600,000","$540,000","$600,000","$600,000","$870,000","$690,000","$750,000","$1,080,000","$930,000","$960,000","$990,000","$1,200,000","$1,320,000","$1,260,000","$1,560,000","$1,320,000","$1,650,000",
, Recurring revenue (accrual),,,,,,,,$0,$0,"$5,000","$20,000","$30,000","$45,000","$60,000","$80,000","$95,000","$110,000","$145,000","$162,500","$197,500","$220,000","$255,000","$290,000","$325,000","$360,000","$395,000","$447,500","$482,500","$522,500","$577,500","$637,500","$682,500","$742,500","$802,500","$862,500","$922,500","$1,002,500","$1,062,500","$1,127,500",
,,,,,,,,,,,,,,,,,,,,,,,,,,,,,,,,,,,,,,,,,
, MRR -- contracted,,,,,,,,$0,"$15,000","$30,000","$40,000","$55,000","$70,000","$90,000","$105,000","$135,000","$157,500","$187,500","$210,000","$245,000","$280,000","$315,000","$350,000","$385,000","$432,500","$472,500","$507,500","$567,500","$622,500","$667,500","$727,500","$787,500","$847,500","$907,500","$982,500","$1,047,500","$1,107,500","$1,187,500","$1,267,500",
,,,,,,,,,,,,,,,,,,,,,,,,,,,,,,,,,,,,,,,,,
,,,,,,,,,,,,,,,,,,,,,,,,,,,,,,,,,,,,,,,,,
, Total Dashboard customers,,,,,,,,0,1,2,2,3,4,6,7,8,10,11,13,15,17,19,21,23,25,28,30,33,35,38,41,44,47,50,53,57,60,64,68,
, Total Origination customers,,,,,,,,0,1,2,3,4,5,6,7,9,10,12,13,15,17,19,21,23,26,28,30,33,36,38,41,44,47,50,54,57,60,64,68,
, Total unique customers,,,,,,,,0,1,2,3,4,5,6,7,9,10,12,13,15,17,19,21,23,26,28,30,33,36,38,41,44,47,50,54,57,60,64,68,
, New unique customers,,,,,,,,0,1,1,1,1,1,1,1,2,1,2,1,2,2,2,2,2,3,2,2,3,3,2,3,3,3,3,4,3,3,4,4,
,,,,,,,,,,,,,,,,,,,,,,,,,,,,,,,,,,,,,,,,,
 X, Dashboard,,,,,,,,,,,,,,,,,,,,,,,,,,,,,,,,,,,,,,,,
, Number of Customers (SAM),,,,,,,,270,270,270,270,270,270,270,270,270,270,270,270,270,270,270,270,270,270,270,270,270,270,270,270,270,270,270,270,270,270,270,270,
, Penetration,,,,,,,,0.0%,1.6%,3.2%,4.8%,6.5%,8.1%,9.7%,11.3%,12.9%,14.5%,16.1%,17.7%,19.4%,21.0%,22.6%,24.2%,25.8%,27.4%,29.0%,30.6%,32.3%,33.9%,35.5%,37.1%,38.7%,40.3%,41.9%,43.5%,45.2%,46.8%,48.4%,50.0%,
, Grow market share,,,,,,,,15.0%,16.1%,17.3%,18.4%,19.5%,20.6%,21.8%,22.9%,24.0%,25.2%,26.3%,27.4%,28.5%,29.7%,30.8%,31.9%,33.1%,34.2%,35.3%,36.5%,37.6%,38.7%,39.8%,41.0%,42.1%,43.2%,44.4%,45.5%,46.6%,47.7%,48.9%,50.0%,
,,,,,,,,,,,,,,,,,,,,,,,,,,,,,,,,,,,,,,,,,
, Total customers,,,,,,,,0,1,2,2,3,4,6,7,8,10,11,13,15,17,19,21,23,25,28,30,33,35,38,41,44,47,50,53,57,60,64,68,
, Acquired customers in period,,,,,,,,0,1,1,0,1,1,2,1,1,2,1,2,2,2,2,2,2,2,3,2,3,2,3,3,3,3,3,3,4,3,4,4,
,,,,,,,,,,,,,,,,,,,,,,,,,,,,,,,,,,,,,,,,,
, Average implementation fee,,,,,,,,$0,$0,$0,$0,$0,$0,$0,$0,$0,$0,$0,$0,$0,$0,$0,$0,$0,$0,$0,$0,$0,$0,$0,$0,$0,$0,$0,$0,$0,$0,$0,$0,
, Average MRR,,,,,,,,"$5,000","$5,000","$5,000","$5,000","$5,000","$5,000","$5,000","$5,000","$5,000","$5,000","$5,000","$5,000","$5,000","$5,000","$5,000","$5,000","$5,000","$5,000","$5,000","$5,000","$5,000","$5,000","$5,000","$5,000","$5,000","$5,000","$5,000","$5,000","$5,000","$5,000","$5,000","$5,000",
,,,,,,,,,,,,,,,,,,,,,,,,,,,,,,,,,,,,,,,,,
, Average time to launch, 1 , months,,,,,,,,,,,,,,,,,,,,,,,,,,,,,,,,,,,,,,
, MRR -- contracted,,,,,,,,$0,"$5,000","$10,000","$10,000","$15,000","$20,000","$30,000","$35,000","$40,000","$50,000","$55,000","$65,000","$75,000","$85,000","$95,000","$105,000","$115,000","$125,000","$140,000","$150,000","$165,000","$175,000","$190,000","$205,000","$220,000","$235,000","$250,000","$265,000","$285,000","$300,000","$320,000","$340,000",
,,,,,,,,,,,,,,,,,,,,,,,,,,,,,,,,,,,,,,,,,
, Implementation fees collected,,,,,,,,$0,$0,$0,$0,$0,$0,$0,$0,$0,$0,$0,$0,$0,$0,$0,$0,$0,$0,$0,$0,$0,$0,$0,$0,$0,$0,$0,$0,$0,$0,$0,$0,
, Recurring revenue (cash),,,,,,,,$0,$0,"$60,000","$60,000",$0,"$60,000","$60,000","$120,000","$60,000","$60,000","$120,000","$60,000","$120,000","$120,000","$180,000","$180,000","$120,000","$180,000","$180,000","$300,000","$180,000","$240,000","$240,000","$240,000","$300,000","$300,000","$360,000","$360,000","$300,000","$420,000","$360,000","$540,000",
, Recurring revenue (accrual),,,,,,,,$0,$0,"$5,000","$10,000","$10,000","$15,000","$20,000","$30,000","$35,000","$40,000","$50,000","$55,000","$65,000","$75,000","$85,000","$95,000","$105,000","$115,000","$125,000","$140,000","$150,000","$165,000","$175,000","$190,000","$205,000","$220,000","$235,000","$250,000","$265,000","$285,000","$300,000","$320,000",
,,,,,,,,,,,,,,,,,,,,,,,,,,,,,,,,,,,,,,,,,
,,,,,,,,,,,,,,,,,,,,,,,,,,,,,,,,,,,,,,,,,
, Recurring revenue (cash), Year 1,,,,,,,$0,$0,"$60,000","$60,000",$0,"$60,000","$60,000","$120,000","$60,000","$60,000","$120,000","$60,000","$120,000","$120,000","$120,000","$120,000","$120,000","$120,000","$120,000","$180,000","$120,000","$180,000","$120,000","$180,000","$180,000","$180,000","$180,000","$180,000","$180,000","$240,000","$180,000","$240,000",
, Recurring revenue (cash), Year 2,,,,,,,,,,,,,,,$0,$0,$0,$0,$0,$0,"$60,000","$60,000",$0,"$60,000","$60,000","$120,000","$60,000","$60,000","$120,000","$60,000","$120,000","$120,000","$120,000","$120,000","$120,000","$120,000","$120,000","$180,000",
, Recurring revenue (cash), Year 3,,,,,,,,,,,,,,,,,,,,,,,,,,,$0,$0,$0,$0,$0,$0,"$60,000","$60,000",$0,"$60,000","$60,000","$120,000",
, Total Recurring revenue (cash),,,,,,,,$0,$0,"$60,000","$60,000",$0,"$60,000","$60,000","$120,000","$60,000","$60,000","$120,000","$60,000","$120,000","$120,000","$180,000","$180,000","$120,000","$180,000","$180,000","$300,000","$180,000","$240,000","$240,000","$240,000","$300,000","$300,000","$360,000","$360,000","$300,000","$420,000","$360,000","$540,000",
,,,,,,,,,,,,,,,,,,,,,,,,,,,,,,,,,,,,,,,,,
,,,,,,,,,,,,,,,,,,,,,,,,,,,,,,,,,,,,,,,,,
 X, Origination -- Onboarding & Enrollment,,,,,,,,,,,,,,,,,,,,,,,,,,,,,,,,,,,,,,,,
, Number of Customers (SAM),,,,,,,,270,270,270,270,270,270,270,270,270,270,270,270,270,270,270,270,270,270,270,270,270,270,270,270,270,270,270,270,270,270,270,270,
, Penetration,,,,,,,,0.5%,2.1%,3.7%,5.3%,6.9%,8.5%,10.1%,11.7%,13.3%,14.9%,16.5%,18.1%,19.7%,21.3%,22.9%,24.5%,26.0%,27.6%,29.2%,30.8%,32.4%,34.0%,35.6%,37.2%,38.8%,40.4%,42.0%,43.6%,45.2%,46.8%,48.4%,50.0%,
, Grow market share,,,,,,,,15.0%,16.1%,17.3%,18.4%,19.5%,20.6%,21.8%,22.9%,24.0%,25.2%,26.3%,27.4%,28.5%,29.7%,30.8%,31.9%,33.1%,34.2%,35.3%,36.5%,37.6%,38.7%,39.8%,41.0%,42.1%,43.2%,44.4%,45.5%,46.6%,47.7%,48.9%,50.0%,
,,,,,,,,,,,,,,,,,,,,,,,,,,,,,,,,,,,,,,,,,
, Total customers,,,,,,,,0,1,2,3,4,5,6,7,9,10,12,13,15,17,19,21,23,26,28,30,33,36,38,41,44,47,50,54,57,60,64,68,
, Acquired customers in period,,,,,,,,0,1,1,1,1,1,1,1,2,1,2,1,2,2,2,2,2,3,2,2,3,3,2,3,3,3,3,4,3,3,4,4,
,,,,,,,,,,,,,,,,,,,,,,,,,,,,,,,,,,,,,,,,,
, Average implementation fee,,,,,,,,"$10,000","$10,000","$10,000","$10,000","$10,000","$10,000","$10,000","$10,000","$10,000","$10,000","$10,000","$10,000","$10,000","$10,000","$10,000","$10,000","$10,000","$10,000","$10,000","$10,000","$10,000","$10,000","$10,000","$10,000","$10,000","$10,000","$10,000","$10,000","$10,000","$10,000","$10,000","$10,000",
, Average MRR,,,,,,,,"$10,000","$10,000","$10,000","$10,000","$10,000","$10,000","$10,000","$10,000","$12,500","$12,500","$12,500","$12,500","$12,500","$12,500","$12,500","$12,500","$12,500","$12,500","$12,500","$12,500","$15,000","$15,000","$15,000","$15,000","$15,000","$15,000","$15,000","$15,000","$15,000","$15,000","$15,000","$15,000",
,,,,,,,,,,,,,,,,,,,,,,,,,,,,,,,,,,,,,,,,,
, Average time to launch, 2 , months,,,,,,,,,,,,,,,,,,,,,,,,,,,,,,,,,,,,,,
, MRR -- contracted,,,,,,,,$0,"$10,000","$20,000","$30,000","$40,000","$50,000","$60,000","$70,000","$95,000","$107,500","$132,500","$145,000","$170,000","$195,000","$220,000","$245,000","$270,000","$307,500","$332,500","$357,500","$402,500","$447,500","$477,500","$522,500","$567,500","$612,500","$657,500","$717,500","$762,500","$807,500","$867,500","$927,500",
,,,,,,,,,,,,,,,,,,,,,,,,,,,,,,,,,,,,,,,,,
, Implementation fees collected,,,,,,,,$0,"$10,000","$10,000","$10,000","$10,000","$10,000","$10,000","$10,000","$20,000","$10,000","$20,000","$10,000","$20,000","$20,000","$20,000","$20,000","$20,000","$30,000","$20,000","$20,000","$30,000","$30,000","$20,000","$30,000","$30,000","$30,000","$30,000","$40,000","$30,000","$30,000","$40,000","$40,000",
, Recurring revenue (cash),,,,,,,,$0,$0,$0,"$120,000","$120,000","$120,000","$120,000","$120,000","$150,000","$150,000","$300,000","$150,000","$300,000","$150,000","$300,000","$420,000","$420,000","$420,000","$420,000","$570,000","$510,000","$510,000","$840,000","$690,000","$660,000","$690,000","$840,000","$960,000","$960,000","$1,140,000","$960,000","$1,110,000",
, Recurring revenue (accrual),,,,,,,,$0,$0,$0,"$10,000","$20,000","$30,000","$40,000","$50,000","$60,000","$70,000","$95,000","$107,500","$132,500","$145,000","$170,000","$195,000","$220,000","$245,000","$270,000","$307,500","$332,500","$357,500","$402,500","$447,500","$477,500","$522,500","$567,500","$612,500","$657,500","$717,500","$762,500","$807,500",
,,,,,,,,,,,,,,,,,,,,,,,,,,,,,,,,,,,,,,,,,
,,,,,,,,,,,,,,,,,,,,,,,,,,,,,,,,,,,,,,,,,
, Recurring revenue (cash), Year 1,,,,,,,$0,$0,$0,"$120,000","$120,000","$120,000","$120,000","$120,000","$150,000","$150,000","$300,000","$150,000","$300,000","$150,000","$300,000","$300,000","$300,000","$300,000","$300,000","$450,000","$360,000","$360,000","$540,000","$540,000","$360,000","$540,000","$540,000","$540,000","$540,000","$720,000","$540,000","$540,000",
, Recurring revenue (cash), Year 2,,,,,,,,,,,,,,,$0,$0,$0,$0,$0,$0,$0,"$120,000","$120,000","$120,000","$120,000","$120,000","$150,000","$150,000","$300,000","$150,000","$300,000","$150,000","$300,000","$300,000","$300,000","$300,000","$300,000","$450,000",
, Recurring revenue (cash), Year 3,,,,,,,,,,,,,,,,,,,,,,,,,,,$0,$0,$0,$0,$0,$0,$0,"$120,000","$120,000","$120,000","$120,000","$120,000",
, Total Recurring revenue (cash),,,,,,,,$0,$0,$0,"$120,000","$120,000","$120,000","$120,000","$120,000","$150,000","$150,000","$300,000","$150,000","$300,000","$150,000","$300,000","$420,000","$420,000","$420,000","$420,000","$570,000","$510,000","$510,000","$840,000","$690,000","$660,000","$690,000","$840,000","$960,000","$960,000","$1,140,000","$960,000","$1,110,000",
,,,,,,,,,,,,,,,,,,,,,,,,,,,,,,,,,,,,,,,,,
,,,,,,,,,,,,,,,,,,,,,,,,,,,,,,,,,,,,,,,,,
, OPERATING EXPENSES,,,,,,,,,,,,,,,,,,,,,,,,,,,,,,,,,,,,,,,,
,,,,,,,,,,,,,,,,,,,,,,,,,,,,,,,,,,,,,,,,,
,,,,,,,,,,,,,,,,,,,,,,,,,,,,,,,,,,,,,,,,,
, Salaries & Benefits,,,,,,,,"$288,434","$295,378","$300,470","$309,728","$316,672","$343,984","$362,501","$362,501","$387,961","$397,220","$429,161","$429,161","$437,030","$446,289","$472,675","$472,675","$495,654","$514,634","$540,094","$549,352","$567,110","$581,460","$590,719","$601,829","$627,289","$652,287","$663,397","$669,877","$698,282","$704,763","$723,742","$738,093",
,,,,,,,,,,,,,,,,,,,,,,,,,,,,,,,,,,,,,,,,,
, Rent,,,,,,,,"$66,250","$66,250","$92,750","$26,500","$26,500","$26,500","$26,500","$26,500","$26,500","$26,500","$26,500","$26,500","$26,500","$26,500","$26,500","$26,500","$26,500","$26,500","$26,500","$26,500","$26,500","$26,500","$26,500","$26,500","$26,500","$26,500","$26,500","$26,500","$26,500","$26,500","$26,500","$26,500",
, Rent recovery from sublease ,,,,,,,,"-$190,000",,,,,,,,,,,,,,,,,,,,,,,,,,,,,,,,
, Deposit,,,,,,,,"-$137,000",,,,,,,,,,,,,,,,,,,,,,,,,,,,,,,,
, Office expenses & misc,0.0%,,,,,,,"$15,000","$15,000","$15,000","$15,000","$15,000","$15,000","$15,000","$15,000","$15,000","$15,000","$15,000","$15,000","$15,000","$15,000","$15,000","$15,000","$15,000","$15,000","$15,000","$15,000","$15,000","$15,000","$15,000","$15,000","$15,000","$15,000","$15,000","$15,000","$15,000","$15,000","$15,000","$15,000",
,,,,,,,,,,,,,,,,,,,,,,,,,,,,,,,,,,,,,,,,,
, Technology expense,1.0%,,,,,,,"$33,820","$34,158","$34,499","$34,844","$35,193","$35,545","$35,900","$36,259","$36,622","$36,988","$37,358","$37,731","$38,109","$38,490","$38,875","$39,264","$39,656","$40,053","$40,453","$40,858","$41,266","$41,679","$42,096","$42,517","$42,942","$43,371","$43,805","$44,243","$44,686","$45,132","$45,584","$46,040",
,,,,,,,,,,,,,,,,,,,,,,,,,,,,,,,,,,,,,,,,,
, CAC & CRC expense,0.0%,,,,,,,"$5,000","$7,500","$7,500","$7,500","$7,500","$7,500","$7,500","$102,500","$15,000","$12,500","$15,000","$12,500","$15,000","$15,000","$15,000","$15,000","$15,000","$17,500","$15,000","$15,000","$17,500","$17,500","$15,000","$17,500","$17,500","$17,500","$17,500","$20,000","$17,500","$17,500","$20,000","$20,000",
,,,,,,,,,,,,,,,,,,,,,,,,,,,,,,,,,,,,,,,,,
, Legal & professional fees,0.0%,,,,,,,"$15,000","$15,000","$15,000","$15,000","$15,000","$15,000","$15,000","$15,000","$15,000","$15,000","$15,000","$15,000","$15,000","$15,000","$15,000","$15,000","$15,000","$15,000","$15,000","$15,000","$15,000","$15,000","$15,000","$15,000","$15,000","$15,000","$15,000","$15,000","$15,000","$15,000","$15,000","$15,000",
, Insurance,0.0%,,,,,,,"$2,000","$2,000","$2,000","$2,000","$2,000","$2,000","$2,000","$2,000","$2,000","$2,000","$2,000","$2,000","$2,000","$2,000","$2,000","$2,000","$2,000","$2,000","$2,000","$2,000","$2,000","$2,000","$2,000","$2,000","$2,000","$2,000","$2,000","$2,000","$2,000","$2,000","$2,000","$2,000",
,,,,,,,,,,,,,,,,,,,,,,,,,,,,,,,,,,,,,,,,,
, Other expenses,,,,,,,,$0,$0,$0,$0,$0,$0,$0,$0,$0,$0,$0,$0,$0,$0,$0,$0,$0,$0,$0,$0,$0,$0,$0,$0,$0,$0,$0,$0,$0,$0,$0,$0,
, Contingency,5.0%,,,,,,,"$3,541","$3,683","$3,700","$3,717","$3,735","$3,752","$3,770","$8,538","$4,181","$4,074","$4,218","$4,112","$4,255","$4,274","$4,294","$4,313","$4,333","$4,478","$4,373","$4,393","$4,538","$4,559","$4,455","$4,601","$4,622","$4,644","$4,665","$4,812","$4,709","$4,732","$4,879","$4,902",
,,,,,,,,,,,,,,,,,,,,,,,,,,,,,,,,,,,,,,,,,
, Total Operating Costs,,,,,,,,"$102,045","$438,969","$470,919","$414,290","$421,600","$449,281","$468,171","$568,298","$502,264","$509,282","$544,237","$542,004","$552,895","$562,553","$589,343","$589,752","$613,143","$635,164","$658,420","$668,103","$688,915","$703,698","$710,769","$724,946","$750,853","$776,302","$787,867","$797,433","$823,677","$830,627","$852,705","$867,534",
,Annualized Operating Costs,,,,,,,,"$1,224,537","$5,267,623","$5,651,032","$4,971,479","$5,059,194","$5,391,374","$5,618,052","$6,819,576","$6,027,169","$6,111,384","$6,530,839","$6,504,046","$6,634,735","$6,750,637","$7,072,122","$7,077,020","$7,357,717","$7,621,969","$7,901,041","$8,017,238","$8,266,976","$8,444,380","$8,529,232","$8,699,356","$9,010,238","$9,315,619","$9,454,404","$9,569,193","$9,884,122","$9,967,523","$10,232,464","$10,410,413",
,,,,,,,,,,,,,,,,,,,,,,,,,,,,,,,,,,,,,,,,,
, Customer Acquisition Cost Summary,,,,,,,,,,,,,,,,,,,,,,,,,,,,,,,,,,,,,,,,
,,,,,,,,,,,,,,,,,,,,,,,,,,,,,,,,,,,,,,,,,
,Fixed spend,0.0%,,,,,,,"$5,000","$5,000","$5,000","$5,000","$5,000","$5,000","$5,000","$100,000","$10,000","$10,000","$10,000","$10,000","$10,000","$10,000","$10,000","$10,000","$10,000","$10,000","$10,000","$10,000","$10,000","$10,000","$10,000","$10,000","$10,000","$10,000","$10,000","$10,000","$10,000","$10,000","$10,000","$10,000",
,Variable spend,"$2,500",,,,,,,$0,"$2,500","$2,500","$2,500","$2,500","$2,500","$2,500","$2,500","$5,000","$2,500","$5,000","$2,500","$5,000","$5,000","$5,000","$5,000","$5,000","$7,500","$5,000","$5,000","$7,500","$7,500","$5,000","$7,500","$7,500","$7,500","$7,500","$10,000","$7,500","$7,500","$10,000","$10,000",
,Salaries & wages,,,,,,,,"$16,667","$16,667","$8,333","$8,333","$8,333","$14,583","$14,583","$14,583","$14,583","$14,583","$37,500","$37,500","$37,500","$37,500","$37,500","$37,500","$52,083","$52,083","$52,083","$52,083","$52,083","$52,083","$60,417","$60,417","$60,417","$60,417","$60,417","$60,417","$68,750","$68,750","$68,750","$68,750",
,CAC -- fully loaded,,,,,,,,"$21,667","$24,167","$15,833","$15,833","$15,833","$22,083","$22,083","$117,083","$29,583","$27,083","$52,500","$50,000","$52,500","$52,500","$52,500","$52,500","$67,083","$69,583","$67,083","$67,083","$69,583","$69,583","$75,417","$77,917","$77,917","$77,917","$77,917","$80,417","$86,250","$86,250","$88,750","$88,750",
,,,,,,,,,,,,,,,,,,,,,,,,,,,,,,,,,,,,,,,,,
,# of new customers,,,,,,,,0,1,1,1,1,1,1,1,2,1,2,1,2,2,2,2,2,3,2,2,3,3,2,3,3,3,3,4,3,3,4,4,
,CAC per customer - fully loaded,,,,,,,,n/a,"$24,167","$15,833","$15,833","$15,833","$22,083","$22,083","$117,083","$14,792","$27,083","$26,250","$50,000","$26,250","$26,250","$26,250","$26,250","$33,542","$23,194","$33,542","$33,542","$23,194","$23,194","$37,708","$25,972","$25,972","$25,972","$25,972","$20,104","$28,750","$28,750","$22,188","$22,188",
,,,,,,,,,,,,,,,,,,,,,,,,,,,,,,,,,,,,,,,,,
,,,,,,,,,,,,,,,,,,,,,,,,,,,,,,,,,,,,,,,,,
, SALARIES & WAGES,,,,,,,,,,,,,,,,,,,,,,,,,,,,,,,,,,,,,,,,
,,,,,,,,,,,,,,,,,,,,,,,,,,,,,,,,,,,,,,,,,
,,,,,,,,,,,,,,,,,,,,,,,,,,,,,,,,,,,,,,,,,
,Number of permanent employees excl contractors,,,,,,,,33,34,35,36,37,40,42,42,45,46,50,50,51,52,55,55,57,59,62,63,65,67,68,69,72,75,76,77,81,82,84,86,
,Number of permanent employees incl contractors,,,,,,,,33,34,35,36,37,40,42,42,45,46,50,50,51,52,55,55,57,59,62,63,65,67,68,69,72,75,76,77,81,82,84,86,
,,,,,,,,,,,,,,,,,,,,,,,,,,,,,,,,,,,,,,,,,
,Inflation,,0.0%,,,,,,0.0%,0.0%,0.0%,0.0%,0.0%,0.0%,0.0%,0.0%,0.0%,0.0%,0.0%,0.0%,0.0%,0.0%,0.0%,0.0%,0.0%,0.0%,0.0%,0.0%,0.0%,0.0%,0.0%,0.0%,0.0%,0.0%,0.0%,0.0%,0.0%,0.0%,0.0%,0.0%,
,,,,,,,,,,,,,,,,,,,,,,,,,,,,,,,,,,,,,,,,,
,Total salaries,,,,,,,,"$259,617","$265,867","$270,450","$278,783","$285,033","$309,617","$326,283","$326,283","$349,200","$357,533","$386,283","$386,283","$393,367","$401,700","$425,450","$425,450","$446,133","$463,217","$486,133","$494,467","$510,450","$523,367","$531,700","$541,700","$564,617","$587,117","$597,117","$602,950","$628,517","$634,350","$651,433","$664,350",
,Total benefits,,10.0%,,,,,,"$25,962","$26,587","$27,045","$27,878","$28,503","$30,962","$32,628","$32,628","$34,920","$35,753","$38,628","$38,628","$39,337","$40,170","$42,545","$42,545","$44,613","$46,322","$48,613","$49,447","$51,045","$52,337","$53,170","$54,170","$56,462","$58,712","$59,712","$60,295","$62,852","$63,435","$65,143","$66,435",
,Contractors,,,,,,,,$0,$0,$0,$0,$0,$0,$0,$0,$0,$0,$0,$0,$0,$0,$0,$0,$0,$0,$0,$0,$0,$0,$0,$0,$0,$0,$0,$0,$0,$0,$0,$0,
,"Contingency for raises, severance & hiring costs",,1.0%,,,,,,"$2,856","$2,925","$2,975","$3,067","$3,135","$3,406","$3,589","$3,589","$3,841","$3,933","$4,249","$4,249","$4,327","$4,419","$4,680","$4,680","$4,907","$5,095","$5,347","$5,439","$5,615","$5,757","$5,849","$5,959","$6,211","$6,458","$6,568","$6,632","$6,914","$6,978","$7,166","$7,308",
,Total Salaries & Benefits,,,,,,,,"$288,434","$295,378","$300,470","$309,728","$316,672","$343,984","$362,501","$362,501","$387,961","$397,220","$429,161","$429,161","$437,030","$446,289","$472,675","$472,675","$495,654","$514,634","$540,094","$549,352","$567,110","$581,460","$590,719","$601,829","$627,289","$652,287","$663,397","$669,877","$698,282","$704,763","$723,742","$738,093",
,,,,,,,,,,,,,,,,,,,,,,,,,,,,,,,,,,,,,,,,,
,,,,,,,,,,,,,,,,,,,,,,,,,,,,,,,,,,,,,,,,,
,Contractors,,,,,,,,,,,,,,,,,,,,,,,,,,,,,,,,,,,,,,,,
,# of contractors,,,,,,,,0.0,0.0,0.0,0.0,0.0,0.0,0.0,0.0,0.0,0.0,0.0,0.0,0.0,0.0,0.0,0.0,0.0,0.0,0.0,0.0,0.0,0.0,0.0,0.0,0.0,0.0,0.0,0.0,0.0,0.0,0.0,0.0,
,Average rate,,"$10,000 ",,,,,,"$10,000","$10,000","$10,000","$10,000","$10,000","$10,000","$10,000","$10,000","$10,000","$10,000","$10,000","$10,000","$10,000","$10,000","$10,000","$10,000","$10,000","$10,000","$10,000","$10,000","$10,000","$10,000","$10,000","$10,000","$10,000","$10,000","$10,000","$10,000","$10,000","$10,000","$10,000","$10,000",
,,,,,,,,,$0,$0,$0,$0,$0,$0,$0,$0,$0,$0,$0,$0,$0,$0,$0,$0,$0,$0,$0,$0,$0,$0,$0,$0,$0,$0,$0,$0,$0,$0,$0,$0,
,,,,,,,,,,,,,,,,,,,,,,,,,,,,,,,,,,,,,,,,,
,Executive Team,CEO,"$150,000 ",,,,,,1.0,1.0,1.0,1.0,1.0,1.0,1.0,1.0,1.0,1.0,1.0,1.0,1.0,1.0,1.0,1.0,1.0,1.0,1.0,1.0,1.0,1.0,1.0,1.0,1.0,1.0,1.0,1.0,1.0,1.0,1.0,1.0,
,,VP Engineering,"$150,000 ",,,,,,1.0,1.0,1.0,1.0,1.0,1.0,1.0,1.0,1.0,1.0,1.0,1.0,1.0,1.0,1.0,1.0,1.0,1.0,1.0,1.0,1.0,1.0,1.0,1.0,1.0,1.0,1.0,1.0,1.0,1.0,1.0,1.0,
,,VP Finance,"$150,000 ",,,,,,1.0,1.0,1.0,1.0,1.0,1.0,1.0,1.0,1.0,1.0,1.0,1.0,1.0,1.0,1.0,1.0,1.0,1.0,1.0,1.0,1.0,1.0,1.0,1.0,1.0,1.0,1.0,1.0,1.0,1.0,1.0,1.0,
,,VP Product & Delivery,"$150,000 ",,,,,,1.0,1.0,1.0,1.0,1.0,1.0,1.0,1.0,1.0,1.0,1.0,1.0,1.0,1.0,1.0,1.0,1.0,1.0,1.0,1.0,1.0,1.0,1.0,1.0,1.0,1.0,1.0,1.0,1.0,1.0,1.0,1.0,
,,VP Growth (fixed salary),"$100,000 ",,,,,,1.0,1.0,1.0,1.0,1.0,1.0,1.0,1.0,1.0,1.0,1.0,1.0,1.0,1.0,1.0,1.0,1.0,1.0,1.0,1.0,1.0,1.0,1.0,1.0,1.0,1.0,1.0,1.0,1.0,1.0,1.0,1.0,
,,,,,,,,,,,,,,,,,,,,,,,,,,,,,,,,,,,,,,,,,
,Growth (Sales & Marketing),Director of Marketing,"$100,000 ",,,,,,1.0,1.0,0.0,0.0,0.0,0.0,0.0,0.0,0.0,0.0,1.0,1.0,1.0,1.0,1.0,1.0,1.0,1.0,1.0,1.0,1.0,1.0,1.0,1.0,1.0,1.0,1.0,1.0,1.0,1.0,1.0,1.0,
,,Sales Engineer,"$75,000 ",,,,,,,,,,,1.0,1.0,1.0,1.0,1.0,2.0,2.0,2.0,2.0,2.0,2.0,3.0,3.0,3.0,3.0,3.0,3.0,3.0,3.0,3.0,3.0,3.0,3.0,3.0,3.0,3.0,3.0,
,,Account Executive,"$100,000 ",,,,,,,,,,,,,,,,1.0,1.0,1.0,1.0,1.0,1.0,2.0,2.0,2.0,2.0,2.0,2.0,3.0,3.0,3.0,3.0,3.0,3.0,4.0,4.0,4.0,4.0,
,,Other,,,,,,,,,,,,,,,,,,,,,,,,,,,,,,,,,,,,,,,
,,,,,,,,,,,,,,,,,,,,,,,,,,,,,,,,,,,,,,,,,
,Customer Success,Senior CSM,"$85,000 ",,,,,,1.0,1.0,2.0,2.0,2.0,2.0,2.0,2.0,2.0,2.0,2.0,2.0,3.0,3.0,3.0,3.0,3.0,4.0,4.0,4.0,4.0,5.0,5.0,5.0,5.0,6.0,6.0,6.0,7.0,7.0,7.0,8.0,
,,CSM,"$70,000 ",,,,,,1.0,1.0,2.0,2.0,2.0,2.0,2.0,2.0,2.0,2.0,3.0,3.0,3.0,3.0,4.0,4.0,4.0,4.0,5.0,5.0,5.0,6.0,6.0,6.0,7.0,7.0,7.0,8.0,8.0,9.0,9.0,10.0,
,,Other,,,,,,,,,,,,,,,,,,,,,,,,,,,,,,,,,,,,,,,
,,,,,,,,,,,,,,,,,,,,,,,,,,,,,,,,,,,,,,,,,
,Engineering & Data,Director,"$150,000 ",,,,,,,,,,,,,,,,,,,,,,,,,,,,,,,,,,,,,,
,,Principal,"$125,000 ",,,,,,1.0,1.0,1.0,1.0,1.0,1.0,1.0,1.0,1.0,1.0,1.0,1.0,1.0,1.0,1.0,1.0,1.0,1.0,1.0,1.0,1.0,1.0,1.0,1.0,1.0,1.0,1.0,1.0,1.0,1.0,1.0,1.0,
,,Project Manager,"$120,000 ",,,,,,1.0,1.0,1.0,1.0,1.0,1.0,1.0,1.0,1.0,1.0,1.0,1.0,1.0,1.0,1.0,1.0,2.0,2.0,2.0,2.0,2.0,2.0,2.0,2.0,2.0,2.0,2.0,2.0,2.0,2.0,2.0,2.0,
,,,,,,,,,,,,,,,,,,,,,,,,,,,,,,,,,,,,,,,,,
,,Senior Engineer,"$110,000 ",,,,,,3.0,3.0,3.0,3.0,3.0,3.0,4.0,4.0,4.0,4.0,4.0,4.0,4.0,4.0,4.0,4.0,4.0,4.0,5.0,5.0,5.0,5.0,5.0,5.0,6.0,6.0,6.0,6.0,6.0,6.0,7.0,7.0,
,,Intermediate Engineer,"$95,000 ",,,,,,5.0,5.0,5.0,5.0,5.0,5.0,5.0,5.0,6.0,6.0,6.0,6.0,6.0,6.0,7.0,7.0,7.0,7.0,8.0,8.0,8.0,8.0,8.0,8.0,9.0,9.0,9.0,9.0,9.0,9.0,10.0,10.0,
,,Junior Engineer,"$80,000 ",,,,,,7.0,7.0,7.0,7.0,7.0,7.0,7.0,7.0,7.0,7.0,7.0,7.0,7.0,7.0,7.0,7.0,7.0,7.0,7.0,7.0,7.0,7.0,7.0,7.0,7.0,7.0,7.0,7.0,7.0,7.0,7.0,7.0,
,,Co-op,"$46,800 ",,,,,,3.0,3.0,3.0,3.0,3.0,3.0,3.0,3.0,3.0,3.0,3.0,3.0,3.0,3.0,3.0,3.0,2.0,2.0,2.0,2.0,3.0,3.0,3.0,3.0,3.0,3.0,3.0,3.0,4.0,4.0,4.0,4.0,
,,,,,,,,,,,,,,,,,,,,,,,,,,,,,,,,,,,,,,,,,
,,QA Manager,"$100,000 ",,,,,,,,,,,,,,1.0,1.0,1.0,1.0,1.0,1.0,1.0,1.0,1.0,1.0,1.0,1.0,2.0,2.0,2.0,2.0,2.0,2.0,2.0,2.0,2.0,2.0,2.0,2.0,
,,QA Engineer,"$80,000 ",,,,,,,,,,,,,,1.0,1.0,1.0,1.0,1.0,1.0,1.0,1.0,1.0,1.0,1.0,1.0,1.0,1.0,1.0,1.0,1.0,1.0,1.0,1.0,1.0,1.0,1.0,1.0,
,,QA Analyst,"$75,000 ",,,,,,2.0,2.0,2.0,2.0,2.0,2.0,2.0,2.0,2.0,2.0,2.0,2.0,2.0,2.0,2.0,2.0,2.0,2.0,2.0,2.0,1.0,1.0,1.0,1.0,1.0,1.0,1.0,1.0,1.0,1.0,1.0,1.0,
,,,,,,,,,,,,,,,,,,,,,,,,,,,,,,,,,,,,,,,,,
,,Data Scientist,"$120,000 ",,,,,,,,,,,1.0,1.0,1.0,1.0,1.0,1.0,1.0,1.0,1.0,2.0,2.0,2.0,3.0,3.0,3.0,4.0,4.0,4.0,5.0,5.0,5.0,6.0,6.0,6.0,6.0,6.0,6.0,
,,Data Engineer,"$90,000 ",,,,,,0.0,0.0,0.0,0.0,0.0,0.0,1.0,1.0,1.0,1.0,1.0,1.0,1.0,1.0,1.0,1.0,1.0,1.0,1.0,1.0,1.0,1.0,1.0,1.0,1.0,1.0,1.0,1.0,1.0,1.0,1.0,1.0,
,,,,,,,,,,,,,,,,,,,,,,,,,,,,,,,,,,,,,,,,,
,,Other,,,,,,,,,,,,,,,,,,,,,,,,,,,,,,,,,,,,,,,
,,Other,,,,,,,,,,,,,,,,,,,,,,,,,,,,,,,,,,,,,,,
,,,,,,,,,,,,,,,,,,,,,,,,,,,,,,,,,,,,,,,,,
,Product,Product Associate,"$75,000 ",,,,,,1.0,1.0,1.0,1.0,1.0,1.0,1.0,1.0,1.0,1.0,1.0,1.0,1.0,1.0,1.0,1.0,1.0,1.0,1.0,1.0,1.0,1.0,1.0,1.0,1.0,1.0,1.0,1.0,2.0,2.0,2.0,2.0,
,,Product Designer,"$75,000 ",,,,,,,1.0,1.0,1.0,2.0,2.0,2.0,2.0,2.0,2.0,2.0,2.0,2.0,2.0,2.0,2.0,2.0,2.0,2.0,2.0,2.0,2.0,2.0,2.0,2.0,2.0,2.0,2.0,2.0,2.0,2.0,2.0,
,,Product Manager,"$100,000 ",,,,,,,,,,,1.0,1.0,1.0,1.0,2.0,2.0,2.0,2.0,3.0,3.0,3.0,3.0,3.0,3.0,4.0,4.0,4.0,4.0,4.0,4.0,5.0,5.0,5.0,5.0,5.0,5.0,5.0,
,,Product Specialist,"$100,000 ",,,,,,,,,1.0,1.0,1.0,1.0,1.0,1.0,1.0,1.0,1.0,1.0,1.0,1.0,1.0,1.0,1.0,1.0,1.0,1.0,1.0,1.0,1.0,1.0,1.0,1.0,1.0,1.0,1.0,1.0,1.0,
,,Other,,,,,,,,,,,,,,,,,,,,,,,,,,,,,,,,,,,,,,,
,,,,,,,,,,,,,,,,,,,,,,,,,,,,,,,,,,,,,,,,,
,BizOps,Director of Finance,"$100,000 ",,,,,,1.0,1.0,1.0,1.0,1.0,1.0,1.0,1.0,1.0,1.0,1.0,1.0,1.0,1.0,1.0,1.0,1.0,1.0,1.0,1.0,1.0,1.0,1.0,1.0,1.0,1.0,1.0,1.0,1.0,1.0,1.0,1.0,
,,Sr. Employee Experience Manager,"$85,000 ",,,,,,1.0,1.0,1.0,1.0,1.0,1.0,1.0,1.0,1.0,1.0,1.0,1.0,1.0,1.0,1.0,1.0,1.0,1.0,1.0,1.0,1.0,1.0,1.0,1.0,1.0,2.0,2.0,2.0,2.0,2.0,2.0,2.0,
,,Generalist,"$55,000 ",,,,,,,,,,,,,,,,,,,,,,,,,,,,,,,,,,,,,,
,,Bookkeeper,"$24,000 ",,,,,,,,,,,,,,,,,,,,,,,,,,,,,,,,,,,,,,
,,Other,,,,,,,,,,,,,,,,,,,,,,,,,,,,,,,,,,,,,,,
,,Other,,,,,,,,,,,,,,,,,,,,,,,,,,,,,,,,,,,,,,,
,,,,,,,,,,,,,,,,,,,,,,,,,,,,,,,,,,,,,,,,,
,,,,,,,,,,,,,,,,,,,,,,,,,,,,,,,,,,,,,,,,,
